{"x":[8.36421821060582,0.016033273269792932,0.024727383149257657,1.2501518870807903E-5,3.273327193154989,0.18286633289967061,0.17632713196298161,3.5499339005445938,0.0012221461870879976,0.012344270934760324,0.1085699839058227,0.012718833411347275,3.437607323978551,0.00086368579481130444,0.010559298383880433,1.2142742840563743E-5,0.015999872415413251,0.0046161101784191368,0.0031826342442022749,0.0048719975630022883,0.0025863426119309731,0.0031417100667362405,1.0172834532210437,1.3095022565932686,6.5935969765456788,0.0743205383340349,0.1226903154294422,0.040824319156705723],"f":24.591514719361697}
